"NTEE","BroadCategory","MajorGroup","two.digit","type.org","two.digit.s","tens","ones","hosp","univ"
"A01",1,"A","01","S","01","0","1",FALSE,FALSE
"A0161",1,"A","01","S","61","6","1",FALSE,FALSE
"A02",1,"A","02","S","02","0","2",FALSE,FALSE
"A0226",1,"A","02","S","26","2","6",FALSE,FALSE
"A0254",1,"A","02","S","54","5","4",FALSE,FALSE
"A0261",1,"A","02","S","61","6","1",FALSE,FALSE
"A0282",1,"A","02","S","82","8","2",FALSE,FALSE
"A0290",1,"A","02","S","90","9","0",FALSE,FALSE
"A03",1,"A","03","S","03","0","3",FALSE,FALSE
"A0320",1,"A","03","S","20","2","0",FALSE,FALSE
"A0325",1,"A","03","S","25","2","5",FALSE,FALSE
"A0330",1,"A","03","S","30","3","0",FALSE,FALSE
"A0333",1,"A","03","S","33","3","3",FALSE,FALSE
"A0340",1,"A","03","S","40","4","0",FALSE,FALSE
"A0350",1,"A","03","S","50","5","0",FALSE,FALSE
"A0360",1,"A","03","S","60","6","0",FALSE,FALSE
"A0361",1,"A","03","S","61","6","1",FALSE,FALSE
"A0365",1,"A","03","S","65","6","5",FALSE,FALSE
"A0368",1,"A","03","S","68","6","8",FALSE,FALSE
"A0369",1,"A","03","S","69","6","9",FALSE,FALSE
"A0370",1,"A","03","S","70","7","0",FALSE,FALSE
"A0380",1,"A","03","S","80","8","0",FALSE,FALSE
"A05",1,"A","05","S","05","0","5",FALSE,FALSE
"A0534",1,"A","05","S","34","3","4",FALSE,FALSE
"A0561",1,"A","05","S","61","6","1",FALSE,FALSE
"A11",1,"A","11","S","11","0","1",FALSE,FALSE
"A1120",1,"A","11","S","20","2","0",FALSE,FALSE
"A1132",1,"A","11","S","32","3","2",FALSE,FALSE
"A1140",1,"A","11","S","40","4","0",FALSE,FALSE
"A1150",1,"A","11","S","50","5","0",FALSE,FALSE
"A1151",1,"A","11","S","51","5","1",FALSE,FALSE
"A1152",1,"A","11","S","52","5","2",FALSE,FALSE
"A1154",1,"A","11","S","54","5","4",FALSE,FALSE
"A1160",1,"A","11","S","60","6","0",FALSE,FALSE
"A1161",1,"A","11","S","61","6","1",FALSE,FALSE
"A1162",1,"A","11","S","62","6","2",FALSE,FALSE
"A1165",1,"A","11","S","65","6","5",FALSE,FALSE
"A1169",1,"A","11","S","69","6","9",FALSE,FALSE
"A1170",1,"A","11","S","70","7","0",FALSE,FALSE
"A1180",1,"A","11","S","80","8","0",FALSE,FALSE
"A12",1,"A","12","S","12","0","2",FALSE,FALSE
"A1226",1,"A","12","S","26","2","6",FALSE,FALSE
"A1230",1,"A","12","S","30","3","0",FALSE,FALSE
"A1232",1,"A","12","S","32","3","2",FALSE,FALSE
"A1260",1,"A","12","S","60","6","0",FALSE,FALSE
"A1261",1,"A","12","S","61","6","1",FALSE,FALSE
"A1265",1,"A","12","S","65","6","5",FALSE,FALSE
"A19",1,"A","19","S","19","0","9",FALSE,FALSE
"A1920",1,"A","19","S","20","2","0",FALSE,FALSE
"A1961",1,"A","19","S","61","6","1",FALSE,FALSE
"A1969",1,"A","19","S","69","6","9",FALSE,FALSE
"A20",1,"A","20","R","20","2","0",FALSE,FALSE
"A23",1,"A","23","R","23","2","3",FALSE,FALSE
"A24",1,"A","24","R","24","2","4",FALSE,FALSE
"A25",1,"A","25","R","25","2","5",FALSE,FALSE
"A26",1,"A","26","R","26","2","6",FALSE,FALSE
"A27",1,"A","27","R","27","2","7",FALSE,FALSE
"A30",1,"A","30","R","30","3","0",FALSE,FALSE
"A31",1,"A","31","R","31","3","1",FALSE,FALSE
"A32",1,"A","32","R","32","3","2",FALSE,FALSE
"A33",1,"A","33","R","33","3","3",FALSE,FALSE
"A34",1,"A","34","R","34","3","4",FALSE,FALSE
"A40",1,"A","40","R","40","4","0",FALSE,FALSE
"A50",1,"A","50","R","50","5","0",FALSE,FALSE
"A51",1,"A","51","R","51","5","1",FALSE,FALSE
"A52",1,"A","52","R","52","5","2",FALSE,FALSE
"A53",1,"A","53","R","53","5","3",FALSE,FALSE
"A54",1,"A","54","R","54","5","4",FALSE,FALSE
"A56",1,"A","56","R","56","5","6",FALSE,FALSE
"A57",1,"A","57","R","57","5","7",FALSE,FALSE
"A60",1,"A","60","R","60","6","0",FALSE,FALSE
"A61",1,"A","61","R","61","6","1",FALSE,FALSE
"A62",1,"A","62","R","62","6","2",FALSE,FALSE
"A63",1,"A","63","R","63","6","3",FALSE,FALSE
"A65",1,"A","65","R","65","6","5",FALSE,FALSE
"A68",1,"A","68","R","68","6","8",FALSE,FALSE
"A69",1,"A","69","R","69","6","9",FALSE,FALSE
"A6A",1,"A","6A","R","6A","6","A",FALSE,FALSE
"A6B",1,"A","6B","R","6B","6","B",FALSE,FALSE
"A6C",1,"A","6C","R","6C","6","C",FALSE,FALSE
"A6E",1,"A","6E","R","6E","6","E",FALSE,FALSE
"A70",1,"A","70","R","70","7","0",FALSE,FALSE
"A80",1,"A","80","R","80","8","0",FALSE,FALSE
"A82",1,"A","82","R","82","8","2",FALSE,FALSE
"A84",1,"A","84","R","84","8","4",FALSE,FALSE
"A90",1,"A","90","R","90","9","0",FALSE,FALSE
"A99",1,"A","99","R","99","9","9",FALSE,FALSE
"B01",2,"B","01","S","01","0","1",FALSE,FALSE
"B0120",2,"B","01","S","20","2","0",FALSE,FALSE
"B0121",2,"B","01","S","21","2","1",FALSE,FALSE
"B0129",2,"B","01","S","29","2","9",FALSE,FALSE
"B0130",2,"B","01","S","30","3","0",FALSE,FALSE
"B0140",11,"B","01","S","40","4","0",FALSE,TRUE
"B0143",11,"B","01","S","43","4","3",FALSE,TRUE
"B0182",2,"B","01","S","82","8","2",FALSE,FALSE
"B02",2,"B","02","S","02","0","2",FALSE,FALSE
"B0220",2,"B","02","S","20","2","0",FALSE,FALSE
"B0240",11,"B","02","S","40","4","0",FALSE,TRUE
"B0241",11,"B","02","S","41","4","1",FALSE,TRUE
"B0250",11,"B","02","S","50","5","0",FALSE,TRUE
"B0270",2,"B","02","S","70","7","0",FALSE,FALSE
"B0280",2,"B","02","S","80","8","0",FALSE,FALSE
"B0282",2,"B","02","S","82","8","2",FALSE,FALSE
"B03",2,"B","03","S","03","0","3",FALSE,FALSE
"B0320",2,"B","03","S","20","2","0",FALSE,FALSE
"B0325",2,"B","03","S","25","2","5",FALSE,FALSE
"B0330",2,"B","03","S","30","3","0",FALSE,FALSE
"B0340",11,"B","03","S","40","4","0",FALSE,TRUE
"B0342",11,"B","03","S","42","4","2",FALSE,TRUE
"B0343",11,"B","03","S","43","4","3",FALSE,TRUE
"B0350",11,"B","03","S","50","5","0",FALSE,TRUE
"B0370",2,"B","03","S","70","7","0",FALSE,FALSE
"B0380",2,"B","03","S","80","8","0",FALSE,FALSE
"B0382",2,"B","03","S","82","8","2",FALSE,FALSE
"B0390",2,"B","03","S","90","9","0",FALSE,FALSE
"B0394",2,"B","03","S","94","9","4",FALSE,FALSE
"B05",2,"B","05","S","05","0","5",FALSE,FALSE
"B0530",2,"B","05","S","30","3","0",FALSE,FALSE
"B0540",11,"B","05","S","40","4","0",FALSE,TRUE
"B0582",2,"B","05","S","82","8","2",FALSE,FALSE
"B11",2,"B","11","S","11","0","1",FALSE,FALSE
"B1120",2,"B","11","S","20","2","0",FALSE,FALSE
"B1125",2,"B","11","S","25","2","5",FALSE,FALSE
"B1129",2,"B","11","S","29","2","9",FALSE,FALSE
"B1130",2,"B","11","S","30","3","0",FALSE,FALSE
"B1140",11,"B","11","S","40","4","0",FALSE,TRUE
"B1141",11,"B","11","S","41","4","1",FALSE,TRUE
"B1142",11,"B","11","S","42","4","2",FALSE,TRUE
"B1143",11,"B","11","S","43","4","3",FALSE,TRUE
"B1150",11,"B","11","S","50","5","0",FALSE,TRUE
"B1170",2,"B","11","S","70","7","0",FALSE,FALSE
"B1180",2,"B","11","S","80","8","0",FALSE,FALSE
"B1183",2,"B","11","S","83","8","3",FALSE,FALSE
"B1184",2,"B","11","S","84","8","4",FALSE,FALSE
"B1190",2,"B","11","S","90","9","0",FALSE,FALSE
"B1194",2,"B","11","S","94","9","4",FALSE,FALSE
"B12",2,"B","12","S","12","0","2",FALSE,FALSE
"B1220",2,"B","12","S","20","2","0",FALSE,FALSE
"B1240",11,"B","12","S","40","4","0",FALSE,TRUE
"B1243",11,"B","12","S","43","4","3",FALSE,TRUE
"B1250",11,"B","12","S","50","5","0",FALSE,TRUE
"B1280",2,"B","12","S","80","8","0",FALSE,FALSE
"B1282",2,"B","12","S","82","8","2",FALSE,FALSE
"B1290",2,"B","12","S","90","9","0",FALSE,FALSE
"B19",2,"B","19","S","19","0","9",FALSE,FALSE
"B1920",2,"B","19","S","20","2","0",FALSE,FALSE
"B1921",2,"B","19","S","21","2","1",FALSE,FALSE
"B1925",2,"B","19","S","25","2","5",FALSE,FALSE
"B1930",2,"B","19","S","30","3","0",FALSE,FALSE
"B1940",11,"B","19","S","40","4","0",FALSE,TRUE
"B1943",11,"B","19","S","43","4","3",FALSE,TRUE
"B1950",11,"B","19","S","50","5","0",FALSE,TRUE
"B1960",2,"B","19","S","60","6","0",FALSE,FALSE
"B1982",2,"B","19","S","82","8","2",FALSE,FALSE
"B20",2,"B","20","R","20","2","0",FALSE,FALSE
"B21",2,"B","21","R","21","2","1",FALSE,FALSE
"B24",2,"B","24","R","24","2","4",FALSE,FALSE
"B25",2,"B","25","R","25","2","5",FALSE,FALSE
"B28",2,"B","28","R","28","2","8",FALSE,FALSE
"B29",2,"B","29","R","29","2","9",FALSE,FALSE
"B30",2,"B","30","R","30","3","0",FALSE,FALSE
"B40",11,"B","40","R","40","4","0",FALSE,TRUE
"B41",11,"B","41","R","41","4","1",FALSE,TRUE
"B42",11,"B","42","R","42","4","2",FALSE,TRUE
"B43",11,"B","43","R","43","4","3",FALSE,TRUE
"B50",11,"B","50","R","50","5","0",FALSE,TRUE
"B60",2,"B","60","R","60","6","0",FALSE,FALSE
"B70",2,"B","70","R","70","7","0",FALSE,FALSE
"B80",2,"B","80","R","80","8","0",FALSE,FALSE
"B8040",2,"B","80","R","80","8","0",FALSE,FALSE
"B8043",2,"B","80","R","80","8","0",FALSE,FALSE
"B82",2,"B","82","R","82","8","2",FALSE,FALSE
"B83",2,"B","83","R","83","8","3",FALSE,FALSE
"B84",2,"B","84","R","84","8","4",FALSE,FALSE
"B8443",2,"B","84","R","84","8","4",FALSE,FALSE
"B8450",2,"B","84","R","84","8","4",FALSE,FALSE
"B90",2,"B","90","R","90","9","0",FALSE,FALSE
"B92",2,"B","92","R","92","9","2",FALSE,FALSE
"B94",2,"B","94","R","94","9","4",FALSE,FALSE
"B99",2,"B","99","R","99","9","9",FALSE,FALSE
"C01",3,"C","01","S","01","0","1",FALSE,FALSE
"C0120",3,"C","01","S","20","2","0",FALSE,FALSE
"C0130",3,"C","01","S","30","3","0",FALSE,FALSE
"C0132",3,"C","01","S","32","3","2",FALSE,FALSE
"C0135",3,"C","01","S","35","3","5",FALSE,FALSE
"C0150",3,"C","01","S","50","5","0",FALSE,FALSE
"C0160",3,"C","01","S","60","6","0",FALSE,FALSE
"C02",3,"C","02","S","02","0","2",FALSE,FALSE
"C0220",3,"C","02","S","20","2","0",FALSE,FALSE
"C0230",3,"C","02","S","30","3","0",FALSE,FALSE
"C0232",3,"C","02","S","32","3","2",FALSE,FALSE
"C0260",3,"C","02","S","60","6","0",FALSE,FALSE
"C03",3,"C","03","S","03","0","3",FALSE,FALSE
"C0320",3,"C","03","S","20","2","0",FALSE,FALSE
"C0330",3,"C","03","S","30","3","0",FALSE,FALSE
"C0332",3,"C","03","S","32","3","2",FALSE,FALSE
"C0336",3,"C","03","S","36","3","6",FALSE,FALSE
"C0340",3,"C","03","S","40","4","0",FALSE,FALSE
"C0360",3,"C","03","S","60","6","0",FALSE,FALSE
"C05",3,"C","05","S","05","0","5",FALSE,FALSE
"C0520",3,"C","05","S","20","2","0",FALSE,FALSE
"C0530",3,"C","05","S","30","3","0",FALSE,FALSE
"C0535",3,"C","05","S","35","3","5",FALSE,FALSE
"C11",3,"C","11","S","11","0","1",FALSE,FALSE
"C1120",3,"C","11","S","20","2","0",FALSE,FALSE
"C1130",3,"C","11","S","30","3","0",FALSE,FALSE
"C1132",3,"C","11","S","32","3","2",FALSE,FALSE
"C1140",3,"C","11","S","40","4","0",FALSE,FALSE
"C1142",3,"C","11","S","42","4","2",FALSE,FALSE
"C1150",3,"C","11","S","50","5","0",FALSE,FALSE
"C12",3,"C","12","S","12","0","2",FALSE,FALSE
"C1230",3,"C","12","S","30","3","0",FALSE,FALSE
"C1235",3,"C","12","S","35","3","5",FALSE,FALSE
"C1236",3,"C","12","S","36","3","6",FALSE,FALSE
"C19",3,"C","19","S","19","0","9",FALSE,FALSE
"C20",3,"C","20","R","20","2","0",FALSE,FALSE
"C27",3,"C","27","R","27","2","7",FALSE,FALSE
"C30",3,"C","30","R","30","3","0",FALSE,FALSE
"C32",3,"C","32","R","32","3","2",FALSE,FALSE
"C34",3,"C","34","R","34","3","4",FALSE,FALSE
"C35",3,"C","35","R","35","3","5",FALSE,FALSE
"C36",3,"C","36","R","36","3","6",FALSE,FALSE
"C40",3,"C","40","R","40","4","0",FALSE,FALSE
"C41",3,"C","41","R","41","4","1",FALSE,FALSE
"C42",3,"C","42","R","42","4","2",FALSE,FALSE
"C50",3,"C","50","R","50","5","0",FALSE,FALSE
"C60",3,"C","60","R","60","6","0",FALSE,FALSE
"C99",3,"C","99","R","99","9","9",FALSE,FALSE
"D01",3,"D","01","S","01","0","1",FALSE,FALSE
"D0120",3,"D","01","S","20","2","0",FALSE,FALSE
"D0130",3,"D","01","S","30","3","0",FALSE,FALSE
"D02",3,"D","02","S","02","0","2",FALSE,FALSE
"D0230",3,"D","02","S","30","3","0",FALSE,FALSE
"D0250",3,"D","02","S","50","5","0",FALSE,FALSE
"D03",3,"D","03","S","03","0","3",FALSE,FALSE
"D0330",3,"D","03","S","30","3","0",FALSE,FALSE
"D0340",3,"D","03","S","40","4","0",FALSE,FALSE
"D05",3,"D","05","S","05","0","5",FALSE,FALSE
"D0530",3,"D","05","S","30","3","0",FALSE,FALSE
"D11",3,"D","11","S","11","0","1",FALSE,FALSE
"D1120",3,"D","11","S","20","2","0",FALSE,FALSE
"D1130",3,"D","11","S","30","3","0",FALSE,FALSE
"D1131",3,"D","11","S","31","3","1",FALSE,FALSE
"D1150",3,"D","11","S","50","5","0",FALSE,FALSE
"D12",3,"D","12","S","12","0","2",FALSE,FALSE
"D1230",3,"D","12","S","30","3","0",FALSE,FALSE
"D1240",3,"D","12","S","40","4","0",FALSE,FALSE
"D19",3,"D","19","S","19","0","9",FALSE,FALSE
"D20",3,"D","20","R","20","2","0",FALSE,FALSE
"D30",3,"D","30","R","30","3","0",FALSE,FALSE
"D31",3,"D","31","R","31","3","1",FALSE,FALSE
"D32",3,"D","32","R","32","3","2",FALSE,FALSE
"D33",3,"D","33","R","33","3","3",FALSE,FALSE
"D34",3,"D","34","R","34","3","4",FALSE,FALSE
"D40",3,"D","40","R","40","4","0",FALSE,FALSE
"D50",3,"D","50","R","50","5","0",FALSE,FALSE
"D60",3,"D","60","R","60","6","0",FALSE,FALSE
"D61",3,"D","61","R","61","6","1",FALSE,FALSE
"D99",3,"D","99","R","99","9","9",FALSE,FALSE
"E01",4,"E","01","S","01","0","1",FALSE,FALSE
"E0121",12,"E","01","S","21","2","1",TRUE,FALSE
"E0122",12,"E","01","S","22","2","2",TRUE,FALSE
"E0131",4,"E","01","S","31","3","1",FALSE,FALSE
"E0132",4,"E","01","S","32","3","2",FALSE,FALSE
"E0170",4,"E","01","S","70","7","0",FALSE,FALSE
"E02",4,"E","02","S","02","0","2",FALSE,FALSE
"E0220",12,"E","02","S","20","2","0",TRUE,FALSE
"E0221",12,"E","02","S","21","2","1",TRUE,FALSE
"E0222",12,"E","02","S","22","2","2",TRUE,FALSE
"E0262",4,"E","02","S","62","6","2",FALSE,FALSE
"E0290",4,"E","02","S","90","9","0",FALSE,FALSE
"E0292",4,"E","02","S","92","9","2",FALSE,FALSE
"E03",4,"E","03","S","03","0","3",FALSE,FALSE
"E0321",12,"E","03","S","21","2","1",TRUE,FALSE
"E0322",12,"E","03","S","22","2","2",TRUE,FALSE
"E0365",4,"E","03","S","65","6","5",FALSE,FALSE
"E0380",4,"E","03","S","80","8","0",FALSE,FALSE
"E0390",4,"E","03","S","90","9","0",FALSE,FALSE
"E0392",4,"E","03","S","92","9","2",FALSE,FALSE
"E05",4,"E","05","S","05","0","5",FALSE,FALSE
"E0520",12,"E","05","S","20","2","0",TRUE,FALSE
"E0522",12,"E","05","S","22","2","2",TRUE,FALSE
"E0531",4,"E","05","S","31","3","1",FALSE,FALSE
"E0532",4,"E","05","S","32","3","2",FALSE,FALSE
"E0570",4,"E","05","S","70","7","0",FALSE,FALSE
"E11",4,"E","11","S","11","0","1",FALSE,FALSE
"E1120",12,"E","11","S","20","2","0",TRUE,FALSE
"E1121",12,"E","11","S","21","2","1",TRUE,FALSE
"E1122",12,"E","11","S","22","2","2",TRUE,FALSE
"E1131",4,"E","11","S","31","3","1",FALSE,FALSE
"E1132",4,"E","11","S","32","3","2",FALSE,FALSE
"E1150",4,"E","11","S","50","5","0",FALSE,FALSE
"E1170",4,"E","11","S","70","7","0",FALSE,FALSE
"E1180",4,"E","11","S","80","8","0",FALSE,FALSE
"E1186",4,"E","11","S","86","8","6",FALSE,FALSE
"E1190",4,"E","11","S","90","9","0",FALSE,FALSE
"E1191",4,"E","11","S","91","9","1",FALSE,FALSE
"E12",4,"E","12","S","12","0","2",FALSE,FALSE
"E1220",12,"E","12","S","20","2","0",TRUE,FALSE
"E1222",12,"E","12","S","22","2","2",TRUE,FALSE
"E1232",4,"E","12","S","32","3","2",FALSE,FALSE
"E1270",4,"E","12","S","70","7","0",FALSE,FALSE
"E1286",4,"E","12","S","86","8","6",FALSE,FALSE
"E1290",4,"E","12","S","90","9","0",FALSE,FALSE
"E1291",4,"E","12","S","91","9","1",FALSE,FALSE
"E19",4,"E","19","S","19","0","9",FALSE,FALSE
"E1920",12,"E","19","S","20","2","0",TRUE,FALSE
"E1921",12,"E","19","S","21","2","1",TRUE,FALSE
"E1922",12,"E","19","S","22","2","2",TRUE,FALSE
"E1931",4,"E","19","S","31","3","1",FALSE,FALSE
"E1970",4,"E","19","S","70","7","0",FALSE,FALSE
"E20",12,"E","20","R","20","2","0",TRUE,FALSE
"E21",12,"E","21","R","21","2","1",TRUE,FALSE
"E22",12,"E","22","R","22","2","2",TRUE,FALSE
"E24",12,"E","24","R","24","2","4",TRUE,FALSE
"E30",4,"E","30","R","30","3","0",FALSE,FALSE
"E31",4,"E","31","R","31","3","1",FALSE,FALSE
"E32",4,"E","32","R","32","3","2",FALSE,FALSE
"E40",4,"E","40","R","40","4","0",FALSE,FALSE
"E42",4,"E","42","R","42","4","2",FALSE,FALSE
"E50",4,"E","50","R","50","5","0",FALSE,FALSE
"E60",4,"E","60","R","60","6","0",FALSE,FALSE
"E61",4,"E","61","R","61","6","1",FALSE,FALSE
"E62",4,"E","62","R","62","6","2",FALSE,FALSE
"E65",4,"E","65","R","65","6","5",FALSE,FALSE
"E70",4,"E","70","R","70","7","0",FALSE,FALSE
"E80",4,"E","80","R","80","8","0",FALSE,FALSE
"E86",4,"E","86","R","86","8","6",FALSE,FALSE
"E90",4,"E","90","R","90","9","0",FALSE,FALSE
"E91",4,"E","91","R","91","9","1",FALSE,FALSE
"E92",4,"E","92","R","92","9","2",FALSE,FALSE
"E99",4,"E","99","R","99","9","9",FALSE,FALSE
"F01",4,"F","01","S","01","0","1",FALSE,FALSE
"F0120",4,"F","01","S","20","2","0",FALSE,FALSE
"F0121",4,"F","01","S","21","2","1",FALSE,FALSE
"F0132",4,"F","01","S","32","3","2",FALSE,FALSE
"F0133",4,"F","01","S","33","3","3",FALSE,FALSE
"F0142",4,"F","01","S","42","4","2",FALSE,FALSE
"F0153",4,"F","01","S","53","5","3",FALSE,FALSE
"F0180",4,"F","01","S","80","8","0",FALSE,FALSE
"F02",4,"F","02","S","02","0","2",FALSE,FALSE
"F0220",4,"F","02","S","20","2","0",FALSE,FALSE
"F03",4,"F","03","S","03","0","3",FALSE,FALSE
"F0320",4,"F","03","S","20","2","0",FALSE,FALSE
"F0330",4,"F","03","S","30","3","0",FALSE,FALSE
"F0332",4,"F","03","S","32","3","2",FALSE,FALSE
"F0333",4,"F","03","S","33","3","3",FALSE,FALSE
"F0380",4,"F","03","S","80","8","0",FALSE,FALSE
"F05",4,"F","05","S","05","0","5",FALSE,FALSE
"F0520",4,"F","05","S","20","2","0",FALSE,FALSE
"F0521",4,"F","05","S","21","2","1",FALSE,FALSE
"F0522",4,"F","05","S","22","2","2",FALSE,FALSE
"F0532",4,"F","05","S","32","3","2",FALSE,FALSE
"F11",4,"F","11","S","11","0","1",FALSE,FALSE
"F1130",4,"F","11","S","30","3","0",FALSE,FALSE
"F12",4,"F","12","S","12","0","2",FALSE,FALSE
"F19",4,"F","19","S","19","0","9",FALSE,FALSE
"F1920",4,"F","19","S","20","2","0",FALSE,FALSE
"F1960",4,"F","19","S","60","6","0",FALSE,FALSE
"F20",4,"F","20","R","20","2","0",FALSE,FALSE
"F21",4,"F","21","R","21","2","1",FALSE,FALSE
"F22",4,"F","22","R","22","2","2",FALSE,FALSE
"F30",4,"F","30","R","30","3","0",FALSE,FALSE
"F31",4,"F","31","R","31","3","1",FALSE,FALSE
"F32",4,"F","32","R","32","3","2",FALSE,FALSE
"F33",4,"F","33","R","33","3","3",FALSE,FALSE
"F40",4,"F","40","R","40","4","0",FALSE,FALSE
"F42",4,"F","42","R","42","4","2",FALSE,FALSE
"F50",4,"F","50","R","50","5","0",FALSE,FALSE
"F52",4,"F","52","R","52","5","2",FALSE,FALSE
"F53",4,"F","53","R","53","5","3",FALSE,FALSE
"F54",4,"F","54","R","54","5","4",FALSE,FALSE
"F60",4,"F","60","R","60","6","0",FALSE,FALSE
"F70",4,"F","70","R","70","7","0",FALSE,FALSE
"F80",4,"F","80","R","80","8","0",FALSE,FALSE
"F99",4,"F","99","R","99","9","9",FALSE,FALSE
"G01",4,"G","01","S","01","0","1",FALSE,FALSE
"G0150",4,"G","01","S","50","5","0",FALSE,FALSE
"G0184",4,"G","01","S","84","8","4",FALSE,FALSE
"G02",4,"G","02","S","02","0","2",FALSE,FALSE
"G03",4,"G","03","S","03","0","3",FALSE,FALSE
"G0340",4,"G","03","S","40","4","0",FALSE,FALSE
"G0341",4,"G","03","S","41","4","1",FALSE,FALSE
"G0390",4,"G","03","S","90","9","0",FALSE,FALSE
"G05",4,"G","05","S","05","0","5",FALSE,FALSE
"G11",4,"G","11","S","11","0","1",FALSE,FALSE
"G1190",4,"G","11","S","90","9","0",FALSE,FALSE
"G12",4,"G","12","S","12","0","2",FALSE,FALSE
"G1248",4,"G","12","S","48","4","8",FALSE,FALSE
"G1281",4,"G","12","S","81","8","1",FALSE,FALSE
"G19",4,"G","19","S","19","0","9",FALSE,FALSE
"G1920",4,"G","19","S","20","2","0",FALSE,FALSE
"G1948",4,"G","19","S","48","4","8",FALSE,FALSE
"G1981",4,"G","19","S","81","8","1",FALSE,FALSE
"G1990",4,"G","19","S","90","9","0",FALSE,FALSE
"G20",4,"G","20","R","20","2","0",FALSE,FALSE
"G25",4,"G","25","R","25","2","5",FALSE,FALSE
"G30",4,"G","30","R","30","3","0",FALSE,FALSE
"G32",4,"G","32","R","32","3","2",FALSE,FALSE
"G40",4,"G","40","R","40","4","0",FALSE,FALSE
"G41",4,"G","41","R","41","4","1",FALSE,FALSE
"G42",4,"G","42","R","42","4","2",FALSE,FALSE
"G43",4,"G","43","R","43","4","3",FALSE,FALSE
"G44",4,"G","44","R","44","4","4",FALSE,FALSE
"G45",4,"G","45","R","45","4","5",FALSE,FALSE
"G48",4,"G","48","R","48","4","8",FALSE,FALSE
"G50",4,"G","50","R","50","5","0",FALSE,FALSE
"G51",4,"G","51","R","51","5","1",FALSE,FALSE
"G54",4,"G","54","R","54","5","4",FALSE,FALSE
"G60",4,"G","60","R","60","6","0",FALSE,FALSE
"G61",4,"G","61","R","61","6","1",FALSE,FALSE
"G70",4,"G","70","R","70","7","0",FALSE,FALSE
"G80",4,"G","80","R","80","8","0",FALSE,FALSE
"G81",4,"G","81","R","81","8","1",FALSE,FALSE
"G83",4,"G","83","R","83","8","3",FALSE,FALSE
"G84",4,"G","84","R","84","8","4",FALSE,FALSE
"G90",4,"G","90","R","90","9","0",FALSE,FALSE
"G92",4,"G","92","R","92","9","2",FALSE,FALSE
"G94",4,"G","94","R","94","9","4",FALSE,FALSE
"G96",4,"G","96","R","96","9","6",FALSE,FALSE
"G98",4,"G","98","R","98","9","8",FALSE,FALSE
"G99",4,"G","99","R","99","9","9",FALSE,FALSE
"G9B",4,"G","9B","R","9B","9","B",FALSE,FALSE
"H01",4,"H","01","S","01","0","1",FALSE,FALSE
"H0154",4,"H","01","S","54","5","4",FALSE,FALSE
"H02",4,"H","02","S","02","0","2",FALSE,FALSE
"H03",4,"H","03","S","03","0","3",FALSE,FALSE
"H05",4,"H","05","S","05","0","5",FALSE,FALSE
"H11",4,"H","11","S","11","0","1",FALSE,FALSE
"H1190",4,"H","11","S","90","9","0",FALSE,FALSE
"H1198",4,"H","11","S","98","9","8",FALSE,FALSE
"H12",4,"H","12","S","12","0","2",FALSE,FALSE
"H1230",4,"H","12","S","30","3","0",FALSE,FALSE
"H19",4,"H","19","S","19","0","9",FALSE,FALSE
"H20",4,"H","20","R","20","2","0",FALSE,FALSE
"H25",4,"H","25","R","25","2","5",FALSE,FALSE
"H30",4,"H","30","R","30","3","0",FALSE,FALSE
"H32",4,"H","32","R","32","3","2",FALSE,FALSE
"H40",4,"H","40","R","40","4","0",FALSE,FALSE
"H41",4,"H","41","R","41","4","1",FALSE,FALSE
"H42",4,"H","42","R","42","4","2",FALSE,FALSE
"H43",4,"H","43","R","43","4","3",FALSE,FALSE
"H44",4,"H","44","R","44","4","4",FALSE,FALSE
"H45",4,"H","45","R","45","4","5",FALSE,FALSE
"H48",4,"H","48","R","48","4","8",FALSE,FALSE
"H50",4,"H","50","R","50","5","0",FALSE,FALSE
"H51",4,"H","51","R","51","5","1",FALSE,FALSE
"H54",4,"H","54","R","54","5","4",FALSE,FALSE
"H60",4,"H","60","R","60","6","0",FALSE,FALSE
"H61",4,"H","61","R","61","6","1",FALSE,FALSE
"H70",4,"H","70","R","70","7","0",FALSE,FALSE
"H80",4,"H","80","R","80","8","0",FALSE,FALSE
"H81",4,"H","81","R","81","8","1",FALSE,FALSE
"H83",4,"H","83","R","83","8","3",FALSE,FALSE
"H84",4,"H","84","R","84","8","4",FALSE,FALSE
"H90",4,"H","90","R","90","9","0",FALSE,FALSE
"H92",4,"H","92","R","92","9","2",FALSE,FALSE
"H94",4,"H","94","R","94","9","4",FALSE,FALSE
"H96",4,"H","96","R","96","9","6",FALSE,FALSE
"H98",4,"H","98","R","98","9","8",FALSE,FALSE
"H99",4,"H","99","R","99","9","9",FALSE,FALSE
"H9B",4,"H","9B","R","9B","9","B",FALSE,FALSE
"I01",5,"I","01","S","01","0","1",FALSE,FALSE
"I0130",5,"I","01","S","30","3","0",FALSE,FALSE
"I0180",5,"I","01","S","80","8","0",FALSE,FALSE
"I02",5,"I","02","S","02","0","2",FALSE,FALSE
"I0260",5,"I","02","S","60","6","0",FALSE,FALSE
"I03",5,"I","03","S","03","0","3",FALSE,FALSE
"I0321",5,"I","03","S","21","2","1",FALSE,FALSE
"I0350",5,"I","03","S","50","5","0",FALSE,FALSE
"I0360",5,"I","03","S","60","6","0",FALSE,FALSE
"I0380",5,"I","03","S","80","8","0",FALSE,FALSE
"I05",5,"I","05","S","05","0","5",FALSE,FALSE
"I0520",5,"I","05","S","20","2","0",FALSE,FALSE
"I0540",5,"I","05","S","40","4","0",FALSE,FALSE
"I0550",5,"I","05","S","50","5","0",FALSE,FALSE
"I0580",5,"I","05","S","80","8","0",FALSE,FALSE
"I11",5,"I","11","S","11","0","1",FALSE,FALSE
"I1160",5,"I","11","S","60","6","0",FALSE,FALSE
"I12",5,"I","12","S","12","0","2",FALSE,FALSE
"I1272",5,"I","12","S","72","7","2",FALSE,FALSE
"I1280",5,"I","12","S","80","8","0",FALSE,FALSE
"I19",5,"I","19","S","19","0","9",FALSE,FALSE
"I1930",5,"I","19","S","30","3","0",FALSE,FALSE
"I1960",5,"I","19","S","60","6","0",FALSE,FALSE
"I1972",5,"I","19","S","72","7","2",FALSE,FALSE
"I1980",5,"I","19","S","80","8","0",FALSE,FALSE
"I20",5,"I","20","R","20","2","0",FALSE,FALSE
"I21",5,"I","21","R","21","2","1",FALSE,FALSE
"I23",5,"I","23","R","23","2","3",FALSE,FALSE
"I30",5,"I","30","R","30","3","0",FALSE,FALSE
"I31",5,"I","31","R","31","3","1",FALSE,FALSE
"I40",5,"I","40","R","40","4","0",FALSE,FALSE
"I43",5,"I","43","R","43","4","3",FALSE,FALSE
"I44",5,"I","44","R","44","4","4",FALSE,FALSE
"I50",5,"I","50","R","50","5","0",FALSE,FALSE
"I51",5,"I","51","R","51","5","1",FALSE,FALSE
"I60",5,"I","60","R","60","6","0",FALSE,FALSE
"I70",5,"I","70","R","70","7","0",FALSE,FALSE
"I71",5,"I","71","R","71","7","1",FALSE,FALSE
"I72",5,"I","72","R","72","7","2",FALSE,FALSE
"I73",5,"I","73","R","73","7","3",FALSE,FALSE
"I80",5,"I","80","R","80","8","0",FALSE,FALSE
"I83",5,"I","83","R","83","8","3",FALSE,FALSE
"I99",5,"I","99","R","99","9","9",FALSE,FALSE
"J01",5,"J","01","S","01","0","1",FALSE,FALSE
"J0130",5,"J","01","S","30","3","0",FALSE,FALSE
"J02",5,"J","02","S","02","0","2",FALSE,FALSE
"J03",5,"J","03","S","03","0","3",FALSE,FALSE
"J05",5,"J","05","S","05","0","5",FALSE,FALSE
"J0540",5,"J","05","S","40","4","0",FALSE,FALSE
"J11",5,"J","11","S","11","0","1",FALSE,FALSE
"J1122",5,"J","11","S","22","2","2",FALSE,FALSE
"J1130",5,"J","11","S","30","3","0",FALSE,FALSE
"J12",5,"J","12","S","12","0","2",FALSE,FALSE
"J19",5,"J","19","S","19","0","9",FALSE,FALSE
"J1920",5,"J","19","S","20","2","0",FALSE,FALSE
"J1940",5,"J","19","S","40","4","0",FALSE,FALSE
"J20",5,"J","20","R","20","2","0",FALSE,FALSE
"J21",5,"J","21","R","21","2","1",FALSE,FALSE
"J22",5,"J","22","R","22","2","2",FALSE,FALSE
"J30",5,"J","30","R","30","3","0",FALSE,FALSE
"J32",5,"J","32","R","32","3","2",FALSE,FALSE
"J33",5,"J","33","R","33","3","3",FALSE,FALSE
"J40",5,"J","40","R","40","4","0",FALSE,FALSE
"J99",5,"J","99","R","99","9","9",FALSE,FALSE
"K01",5,"K","01","S","01","0","1",FALSE,FALSE
"K02",5,"K","02","S","02","0","2",FALSE,FALSE
"K03",5,"K","03","S","03","0","3",FALSE,FALSE
"K0334",5,"K","03","S","34","3","4",FALSE,FALSE
"K05",5,"K","05","S","05","0","5",FALSE,FALSE
"K0520",5,"K","05","S","20","2","0",FALSE,FALSE
"K0528",5,"K","05","S","28","2","8",FALSE,FALSE
"K0530",5,"K","05","S","30","3","0",FALSE,FALSE
"K0534",5,"K","05","S","34","3","4",FALSE,FALSE
"K0540",5,"K","05","S","40","4","0",FALSE,FALSE
"K11",5,"K","11","S","11","0","1",FALSE,FALSE
"K1120",5,"K","11","S","20","2","0",FALSE,FALSE
"K12",5,"K","12","S","12","0","2",FALSE,FALSE
"K19",5,"K","19","S","19","0","9",FALSE,FALSE
"K1920",5,"K","19","S","20","2","0",FALSE,FALSE
"K20",5,"K","20","R","20","2","0",FALSE,FALSE
"K25",5,"K","25","R","25","2","5",FALSE,FALSE
"K26",5,"K","26","R","26","2","6",FALSE,FALSE
"K28",5,"K","28","R","28","2","8",FALSE,FALSE
"K30",5,"K","30","R","30","3","0",FALSE,FALSE
"K31",5,"K","31","R","31","3","1",FALSE,FALSE
"K34",5,"K","34","R","34","3","4",FALSE,FALSE
"K35",5,"K","35","R","35","3","5",FALSE,FALSE
"K36",5,"K","36","R","36","3","6",FALSE,FALSE
"K40",5,"K","40","R","40","4","0",FALSE,FALSE
"K50",5,"K","50","R","50","5","0",FALSE,FALSE
"K99",5,"K","99","R","99","9","9",FALSE,FALSE
"L01",5,"L","01","S","01","0","1",FALSE,FALSE
"L0120",5,"L","01","S","20","2","0",FALSE,FALSE
"L0122",5,"L","01","S","22","2","2",FALSE,FALSE
"L0141",5,"L","01","S","41","4","1",FALSE,FALSE
"L0150",5,"L","01","S","50","5","0",FALSE,FALSE
"L02",5,"L","02","S","02","0","2",FALSE,FALSE
"L0220",5,"L","02","S","20","2","0",FALSE,FALSE
"L0221",5,"L","02","S","21","2","1",FALSE,FALSE
"L0222",5,"L","02","S","22","2","2",FALSE,FALSE
"L0250",5,"L","02","S","50","5","0",FALSE,FALSE
"L03",5,"L","03","S","03","0","3",FALSE,FALSE
"L0320",5,"L","03","S","20","2","0",FALSE,FALSE
"L0321",5,"L","03","S","21","2","1",FALSE,FALSE
"L0322",5,"L","03","S","22","2","2",FALSE,FALSE
"L0350",5,"L","03","S","50","5","0",FALSE,FALSE
"L0380",5,"L","03","S","80","8","0",FALSE,FALSE
"L05",5,"L","05","S","05","0","5",FALSE,FALSE
"L0550",5,"L","05","S","50","5","0",FALSE,FALSE
"L11",5,"L","11","S","11","0","1",FALSE,FALSE
"L1120",5,"L","11","S","20","2","0",FALSE,FALSE
"L1122",5,"L","11","S","22","2","2",FALSE,FALSE
"L1150",5,"L","11","S","50","5","0",FALSE,FALSE
"L12",5,"L","12","S","12","0","2",FALSE,FALSE
"L1220",5,"L","12","S","20","2","0",FALSE,FALSE
"L1221",5,"L","12","S","21","2","1",FALSE,FALSE
"L1250",5,"L","12","S","50","5","0",FALSE,FALSE
"L19",5,"L","19","S","19","0","9",FALSE,FALSE
"L1920",5,"L","19","S","20","2","0",FALSE,FALSE
"L1921",5,"L","19","S","21","2","1",FALSE,FALSE
"L1941",5,"L","19","S","41","4","1",FALSE,FALSE
"L1950",5,"L","19","S","50","5","0",FALSE,FALSE
"L20",5,"L","20","R","20","2","0",FALSE,FALSE
"L21",5,"L","21","R","21","2","1",FALSE,FALSE
"L22",5,"L","22","R","22","2","2",FALSE,FALSE
"L24",5,"L","24","R","24","2","4",FALSE,FALSE
"L25",5,"L","25","R","25","2","5",FALSE,FALSE
"L30",5,"L","30","R","30","3","0",FALSE,FALSE
"L40",5,"L","40","R","40","4","0",FALSE,FALSE
"L41",5,"L","41","R","41","4","1",FALSE,FALSE
"L50",5,"L","50","R","50","5","0",FALSE,FALSE
"L80",5,"L","80","R","80","8","0",FALSE,FALSE
"L81",5,"L","81","R","81","8","1",FALSE,FALSE
"L82",5,"L","82","R","82","8","2",FALSE,FALSE
"L99",5,"L","99","R","99","9","9",FALSE,FALSE
"M01",5,"M","01","S","01","0","1",FALSE,FALSE
"M0140",5,"M","01","S","40","4","0",FALSE,FALSE
"M02",5,"M","02","S","02","0","2",FALSE,FALSE
"M03",5,"M","03","S","03","0","3",FALSE,FALSE
"M0324",5,"M","03","S","24","2","4",FALSE,FALSE
"M0340",5,"M","03","S","40","4","0",FALSE,FALSE
"M05",5,"M","05","S","05","0","5",FALSE,FALSE
"M0524",5,"M","05","S","24","2","4",FALSE,FALSE
"M11",5,"M","11","S","11","0","1",FALSE,FALSE
"M1124",5,"M","11","S","24","2","4",FALSE,FALSE
"M12",5,"M","12","S","12","0","2",FALSE,FALSE
"M19",5,"M","19","S","19","0","9",FALSE,FALSE
"M20",5,"M","20","R","20","2","0",FALSE,FALSE
"M23",5,"M","23","R","23","2","3",FALSE,FALSE
"M24",5,"M","24","R","24","2","4",FALSE,FALSE
"M40",5,"M","40","R","40","4","0",FALSE,FALSE
"M41",5,"M","41","R","41","4","1",FALSE,FALSE
"M42",5,"M","42","R","42","4","2",FALSE,FALSE
"M60",5,"M","60","R","60","6","0",FALSE,FALSE
"M99",5,"M","99","R","99","9","9",FALSE,FALSE
"N01",5,"N","01","S","01","0","1",FALSE,FALSE
"N0161",5,"N","01","S","61","6","1",FALSE,FALSE
"N0164",5,"N","01","S","64","6","4",FALSE,FALSE
"N02",5,"N","02","S","02","0","2",FALSE,FALSE
"N0240",5,"N","02","S","40","4","0",FALSE,FALSE
"N03",5,"N","03","S","03","0","3",FALSE,FALSE
"N0320",5,"N","03","S","20","2","0",FALSE,FALSE
"N0330",5,"N","03","S","30","3","0",FALSE,FALSE
"N0360",5,"N","03","S","60","6","0",FALSE,FALSE
"N0371",5,"N","03","S","71","7","1",FALSE,FALSE
"N05",5,"N","05","S","05","0","5",FALSE,FALSE
"N11",5,"N","11","S","11","0","1",FALSE,FALSE
"N1120",5,"N","11","S","20","2","0",FALSE,FALSE
"N1132",5,"N","11","S","32","3","2",FALSE,FALSE
"N1160",5,"N","11","S","60","6","0",FALSE,FALSE
"N1168",5,"N","11","S","68","6","8",FALSE,FALSE
"N1171",5,"N","11","S","71","7","1",FALSE,FALSE
"N12",5,"N","12","S","12","0","2",FALSE,FALSE
"N1220",5,"N","12","S","20","2","0",FALSE,FALSE
"N1232",5,"N","12","S","32","3","2",FALSE,FALSE
"N1260",5,"N","12","S","60","6","0",FALSE,FALSE
"N1261",5,"N","12","S","61","6","1",FALSE,FALSE
"N19",5,"N","19","S","19","0","9",FALSE,FALSE
"N1932",5,"N","19","S","32","3","2",FALSE,FALSE
"N1964",5,"N","19","S","64","6","4",FALSE,FALSE
"N20",5,"N","20","R","20","2","0",FALSE,FALSE
"N30",5,"N","30","R","30","3","0",FALSE,FALSE
"N31",5,"N","31","R","31","3","1",FALSE,FALSE
"N32",5,"N","32","R","32","3","2",FALSE,FALSE
"N40",5,"N","40","R","40","4","0",FALSE,FALSE
"N50",5,"N","50","R","50","5","0",FALSE,FALSE
"N52",5,"N","52","R","52","5","2",FALSE,FALSE
"N60",5,"N","60","R","60","6","0",FALSE,FALSE
"N61",5,"N","61","R","61","6","1",FALSE,FALSE
"N62",5,"N","62","R","62","6","2",FALSE,FALSE
"N63",5,"N","63","R","63","6","3",FALSE,FALSE
"N64",5,"N","64","R","64","6","4",FALSE,FALSE
"N65",5,"N","65","R","65","6","5",FALSE,FALSE
"N66",5,"N","66","R","66","6","6",FALSE,FALSE
"N67",5,"N","67","R","67","6","7",FALSE,FALSE
"N68",5,"N","68","R","68","6","8",FALSE,FALSE
"N69",5,"N","69","R","69","6","9",FALSE,FALSE
"N6A",5,"N","6A","R","6A","6","A",FALSE,FALSE
"N70",5,"N","70","R","70","7","0",FALSE,FALSE
"N71",5,"N","71","R","71","7","1",FALSE,FALSE
"N72",5,"N","72","R","72","7","2",FALSE,FALSE
"N80",5,"N","80","R","80","8","0",FALSE,FALSE
"N99",5,"N","99","R","99","9","9",FALSE,FALSE
"O01",5,"O","01","S","01","0","1",FALSE,FALSE
"O0130",5,"O","01","S","30","3","0",FALSE,FALSE
"O02",5,"O","02","S","02","0","2",FALSE,FALSE
"O03",5,"O","03","S","03","0","3",FALSE,FALSE
"O0320",5,"O","03","S","20","2","0",FALSE,FALSE
"O05",5,"O","05","S","05","0","5",FALSE,FALSE
"O11",5,"O","11","S","11","0","1",FALSE,FALSE
"O1120",5,"O","11","S","20","2","0",FALSE,FALSE
"O1152",5,"O","11","S","52","5","2",FALSE,FALSE
"O12",5,"O","12","S","12","0","2",FALSE,FALSE
"O1223",5,"O","12","S","23","2","3",FALSE,FALSE
"O19",5,"O","19","S","19","0","9",FALSE,FALSE
"O20",5,"O","20","R","20","2","0",FALSE,FALSE
"O21",5,"O","21","R","21","2","1",FALSE,FALSE
"O22",5,"O","22","R","22","2","2",FALSE,FALSE
"O23",5,"O","23","R","23","2","3",FALSE,FALSE
"O30",5,"O","30","R","30","3","0",FALSE,FALSE
"O31",5,"O","31","R","31","3","1",FALSE,FALSE
"O40",5,"O","40","R","40","4","0",FALSE,FALSE
"O41",5,"O","41","R","41","4","1",FALSE,FALSE
"O42",5,"O","42","R","42","4","2",FALSE,FALSE
"O43",5,"O","43","R","43","4","3",FALSE,FALSE
"O50",5,"O","50","R","50","5","0",FALSE,FALSE
"O51",5,"O","51","R","51","5","1",FALSE,FALSE
"O52",5,"O","52","R","52","5","2",FALSE,FALSE
"O53",5,"O","53","R","53","5","3",FALSE,FALSE
"O54",5,"O","54","R","54","5","4",FALSE,FALSE
"O55",5,"O","55","R","55","5","5",FALSE,FALSE
"O99",5,"O","99","R","99","9","9",FALSE,FALSE
"P01",5,"P","01","S","01","0","1",FALSE,FALSE
"P0130",5,"P","01","S","30","3","0",FALSE,FALSE
"P0133",5,"P","01","S","33","3","3",FALSE,FALSE
"P0140",5,"P","01","S","40","4","0",FALSE,FALSE
"P0143",5,"P","01","S","43","4","3",FALSE,FALSE
"P0150",5,"P","01","S","50","5","0",FALSE,FALSE
"P0171",5,"P","01","S","71","7","1",FALSE,FALSE
"P0180",5,"P","01","S","80","8","0",FALSE,FALSE
"P0181",5,"P","01","S","81","8","1",FALSE,FALSE
"P02",5,"P","02","S","02","0","2",FALSE,FALSE
"P0233",5,"P","02","S","33","3","3",FALSE,FALSE
"P0240",5,"P","02","S","40","4","0",FALSE,FALSE
"P0270",5,"P","02","S","70","7","0",FALSE,FALSE
"P03",5,"P","03","S","03","0","3",FALSE,FALSE
"P0320",5,"P","03","S","20","2","0",FALSE,FALSE
"P0374",5,"P","03","S","74","7","4",FALSE,FALSE
"P0375",5,"P","03","S","75","7","5",FALSE,FALSE
"P05",5,"P","05","S","05","0","5",FALSE,FALSE
"P11",5,"P","11","S","11","0","1",FALSE,FALSE
"P1120",5,"P","11","S","20","2","0",FALSE,FALSE
"P1127",5,"P","11","S","27","2","7",FALSE,FALSE
"P1130",5,"P","11","S","30","3","0",FALSE,FALSE
"P1140",5,"P","11","S","40","4","0",FALSE,FALSE
"P1170",5,"P","11","S","70","7","0",FALSE,FALSE
"P1174",5,"P","11","S","74","7","4",FALSE,FALSE
"P1175",5,"P","11","S","75","7","5",FALSE,FALSE
"P1180",5,"P","11","S","80","8","0",FALSE,FALSE
"P1182",5,"P","11","S","82","8","2",FALSE,FALSE
"P12",5,"P","12","S","12","0","2",FALSE,FALSE
"P1220",5,"P","12","S","20","2","0",FALSE,FALSE
"P1230",5,"P","12","S","30","3","0",FALSE,FALSE
"P1281",5,"P","12","S","81","8","1",FALSE,FALSE
"P1284",5,"P","12","S","84","8","4",FALSE,FALSE
"P19",5,"P","19","S","19","0","9",FALSE,FALSE
"P1920",5,"P","19","S","20","2","0",FALSE,FALSE
"P1930",5,"P","19","S","30","3","0",FALSE,FALSE
"P1933",5,"P","19","S","33","3","3",FALSE,FALSE
"P1940",5,"P","19","S","40","4","0",FALSE,FALSE
"P1975",5,"P","19","S","75","7","5",FALSE,FALSE
"P1981",5,"P","19","S","81","8","1",FALSE,FALSE
"P1982",5,"P","19","S","82","8","2",FALSE,FALSE
"P20",5,"P","20","R","20","2","0",FALSE,FALSE
"P21",5,"P","21","R","21","2","1",FALSE,FALSE
"P22",5,"P","22","R","22","2","2",FALSE,FALSE
"P24",5,"P","24","R","24","2","4",FALSE,FALSE
"P26",5,"P","26","R","26","2","6",FALSE,FALSE
"P27",5,"P","27","R","27","2","7",FALSE,FALSE
"P28",5,"P","28","R","28","2","8",FALSE,FALSE
"P29",5,"P","29","R","29","2","9",FALSE,FALSE
"P30",5,"P","30","R","30","3","0",FALSE,FALSE
"P31",5,"P","31","R","31","3","1",FALSE,FALSE
"P32",5,"P","32","R","32","3","2",FALSE,FALSE
"P33",5,"P","33","R","33","3","3",FALSE,FALSE
"P40",5,"P","40","R","40","4","0",FALSE,FALSE
"P42",5,"P","42","R","42","4","2",FALSE,FALSE
"P43",5,"P","43","R","43","4","3",FALSE,FALSE
"P44",5,"P","44","R","44","4","4",FALSE,FALSE
"P45",5,"P","45","R","45","4","5",FALSE,FALSE
"P46",5,"P","46","R","46","4","6",FALSE,FALSE
"P47",5,"P","47","R","47","4","7",FALSE,FALSE
"P50",5,"P","50","R","50","5","0",FALSE,FALSE
"P51",5,"P","51","R","51","5","1",FALSE,FALSE
"P52",5,"P","52","R","52","5","2",FALSE,FALSE
"P58",5,"P","58","R","58","5","8",FALSE,FALSE
"P60",5,"P","60","R","60","6","0",FALSE,FALSE
"P61",5,"P","61","R","61","6","1",FALSE,FALSE
"P62",5,"P","62","R","62","6","2",FALSE,FALSE
"P70",5,"P","70","R","70","7","0",FALSE,FALSE
"P71",5,"P","71","R","71","7","1",FALSE,FALSE
"P73",5,"P","73","R","73","7","3",FALSE,FALSE
"P74",5,"P","74","R","74","7","4",FALSE,FALSE
"P75",5,"P","75","R","75","7","5",FALSE,FALSE
"P76",5,"P","76","R","76","7","6",FALSE,FALSE
"P80",5,"P","80","R","80","8","0",FALSE,FALSE
"P81",5,"P","81","R","81","8","1",FALSE,FALSE
"P82",5,"P","82","R","82","8","2",FALSE,FALSE
"P83",5,"P","83","R","83","8","3",FALSE,FALSE
"P84",5,"P","84","R","84","8","4",FALSE,FALSE
"P85",5,"P","85","R","85","8","5",FALSE,FALSE
"P86",5,"P","86","R","86","8","6",FALSE,FALSE
"P87",5,"P","87","R","87","8","7",FALSE,FALSE
"P88",5,"P","88","R","88","8","8",FALSE,FALSE
"P99",5,"P","99","R","99","9","9",FALSE,FALSE
"Q01",6,"Q","01","S","01","0","1",FALSE,FALSE
"Q0120",6,"Q","01","S","20","2","0",FALSE,FALSE
"Q0141",6,"Q","01","S","41","4","1",FALSE,FALSE
"Q02",6,"Q","02","S","02","0","2",FALSE,FALSE
"Q03",6,"Q","03","S","03","0","3",FALSE,FALSE
"Q0322",6,"Q","03","S","22","2","2",FALSE,FALSE
"Q0323",6,"Q","03","S","23","2","3",FALSE,FALSE
"Q0330",6,"Q","03","S","30","3","0",FALSE,FALSE
"Q0350",6,"Q","03","S","50","5","0",FALSE,FALSE
"Q05",6,"Q","05","S","05","0","5",FALSE,FALSE
"Q0532",6,"Q","05","S","32","3","2",FALSE,FALSE
"Q0538",6,"Q","05","S","38","3","8",FALSE,FALSE
"Q0550",6,"Q","05","S","50","5","0",FALSE,FALSE
"Q11",6,"Q","11","S","11","0","1",FALSE,FALSE
"Q1120",6,"Q","11","S","20","2","0",FALSE,FALSE
"Q1130",6,"Q","11","S","30","3","0",FALSE,FALSE
"Q1134",6,"Q","11","S","34","3","4",FALSE,FALSE
"Q1135",6,"Q","11","S","35","3","5",FALSE,FALSE
"Q1151",6,"Q","11","S","51","5","1",FALSE,FALSE
"Q12",6,"Q","12","S","12","0","2",FALSE,FALSE
"Q1230",6,"Q","12","S","30","3","0",FALSE,FALSE
"Q1240",6,"Q","12","S","40","4","0",FALSE,FALSE
"Q19",6,"Q","19","S","19","0","9",FALSE,FALSE
"Q1970",6,"Q","19","S","70","7","0",FALSE,FALSE
"Q20",6,"Q","20","R","20","2","0",FALSE,FALSE
"Q21",6,"Q","21","R","21","2","1",FALSE,FALSE
"Q22",6,"Q","22","R","22","2","2",FALSE,FALSE
"Q23",6,"Q","23","R","23","2","3",FALSE,FALSE
"Q30",6,"Q","30","R","30","3","0",FALSE,FALSE
"Q31",6,"Q","31","R","31","3","1",FALSE,FALSE
"Q32",6,"Q","32","R","32","3","2",FALSE,FALSE
"Q33",6,"Q","33","R","33","3","3",FALSE,FALSE
"Q34",6,"Q","34","R","34","3","4",FALSE,FALSE
"Q35",6,"Q","35","R","35","3","5",FALSE,FALSE
"Q36",6,"Q","36","R","36","3","6",FALSE,FALSE
"Q38",6,"Q","38","R","38","3","8",FALSE,FALSE
"Q39",6,"Q","39","R","39","3","9",FALSE,FALSE
"Q40",6,"Q","40","R","40","4","0",FALSE,FALSE
"Q41",6,"Q","41","R","41","4","1",FALSE,FALSE
"Q42",6,"Q","42","R","42","4","2",FALSE,FALSE
"Q43",6,"Q","43","R","43","4","3",FALSE,FALSE
"Q50",6,"Q","50","R","50","5","0",FALSE,FALSE
"Q51",6,"Q","51","R","51","5","1",FALSE,FALSE
"Q70",6,"Q","70","R","70","7","0",FALSE,FALSE
"Q71",6,"Q","71","R","71","7","1",FALSE,FALSE
"Q99",6,"Q","99","R","99","9","9",FALSE,FALSE
"R01",7,"R","01","S","01","0","1",FALSE,FALSE
"R0124",7,"R","01","S","24","2","4",FALSE,FALSE
"R0128",7,"R","01","S","28","2","8",FALSE,FALSE
"R0161",7,"R","01","S","61","6","1",FALSE,FALSE
"R0162",7,"R","01","S","62","6","2",FALSE,FALSE
"R02",7,"R","02","S","02","0","2",FALSE,FALSE
"R0226",7,"R","02","S","26","2","6",FALSE,FALSE
"R03",7,"R","03","S","03","0","3",FALSE,FALSE
"R05",7,"R","05","S","05","0","5",FALSE,FALSE
"R11",7,"R","11","S","11","0","1",FALSE,FALSE
"R12",7,"R","12","S","12","0","2",FALSE,FALSE
"R1226",7,"R","12","S","26","2","6",FALSE,FALSE
"R19",7,"R","19","S","19","0","9",FALSE,FALSE
"R1924",7,"R","19","S","24","2","4",FALSE,FALSE
"R20",7,"R","20","R","20","2","0",FALSE,FALSE
"R21",7,"R","21","R","21","2","1",FALSE,FALSE
"R22",7,"R","22","R","22","2","2",FALSE,FALSE
"R23",7,"R","23","R","23","2","3",FALSE,FALSE
"R24",7,"R","24","R","24","2","4",FALSE,FALSE
"R25",7,"R","25","R","25","2","5",FALSE,FALSE
"R26",7,"R","26","R","26","2","6",FALSE,FALSE
"R27",7,"R","27","R","27","2","7",FALSE,FALSE
"R28",7,"R","28","R","28","2","8",FALSE,FALSE
"R29",7,"R","29","R","29","2","9",FALSE,FALSE
"R30",7,"R","30","R","30","3","0",FALSE,FALSE
"R40",7,"R","40","R","40","4","0",FALSE,FALSE
"R60",7,"R","60","R","60","6","0",FALSE,FALSE
"R61",7,"R","61","R","61","6","1",FALSE,FALSE
"R62",7,"R","62","R","62","6","2",FALSE,FALSE
"R63",7,"R","63","R","63","6","3",FALSE,FALSE
"R65",7,"R","65","R","65","6","5",FALSE,FALSE
"R67",7,"R","67","R","67","6","7",FALSE,FALSE
"R99",7,"R","99","R","99","9","9",FALSE,FALSE
"S01",7,"S","01","S","01","0","1",FALSE,FALSE
"S0120",7,"S","01","S","20","2","0",FALSE,FALSE
"S0121",7,"S","01","S","21","2","1",FALSE,FALSE
"S02",7,"S","02","S","02","0","2",FALSE,FALSE
"S0240",7,"S","02","S","40","4","0",FALSE,FALSE
"S0241",7,"S","02","S","41","4","1",FALSE,FALSE
"S03",7,"S","03","S","03","0","3",FALSE,FALSE
"S0320",7,"S","03","S","20","2","0",FALSE,FALSE
"S0321",7,"S","03","S","21","2","1",FALSE,FALSE
"S0341",7,"S","03","S","41","4","1",FALSE,FALSE
"S05",7,"S","05","S","05","0","5",FALSE,FALSE
"S11",7,"S","11","S","11","0","1",FALSE,FALSE
"S1120",7,"S","11","S","20","2","0",FALSE,FALSE
"S1130",7,"S","11","S","30","3","0",FALSE,FALSE
"S12",7,"S","12","S","12","0","2",FALSE,FALSE
"S1220",7,"S","12","S","20","2","0",FALSE,FALSE
"S1221",7,"S","12","S","21","2","1",FALSE,FALSE
"S1222",7,"S","12","S","22","2","2",FALSE,FALSE
"S1240",7,"S","12","S","40","4","0",FALSE,FALSE
"S19",7,"S","19","S","19","0","9",FALSE,FALSE
"S20",7,"S","20","R","20","2","0",FALSE,FALSE
"S21",7,"S","21","R","21","2","1",FALSE,FALSE
"S22",7,"S","22","R","22","2","2",FALSE,FALSE
"S30",7,"S","30","R","30","3","0",FALSE,FALSE
"S31",7,"S","31","R","31","3","1",FALSE,FALSE
"S32",7,"S","32","R","32","3","2",FALSE,FALSE
"S40",7,"S","40","R","40","4","0",FALSE,FALSE
"S41",7,"S","41","R","41","4","1",FALSE,FALSE
"S43",7,"S","43","R","43","4","3",FALSE,FALSE
"S46",7,"S","46","R","46","4","6",FALSE,FALSE
"S47",7,"S","47","R","47","4","7",FALSE,FALSE
"S50",7,"S","50","R","50","5","0",FALSE,FALSE
"S80",7,"S","80","R","80","8","0",FALSE,FALSE
"S81",7,"S","81","R","81","8","1",FALSE,FALSE
"S82",7,"S","82","R","82","8","2",FALSE,FALSE
"S99",7,"S","99","R","99","9","9",FALSE,FALSE
"T01",7,"T","01","S","01","0","1",FALSE,FALSE
"T02",7,"T","02","S","02","0","2",FALSE,FALSE
"T03",7,"T","03","S","03","0","3",FALSE,FALSE
"T0330",7,"T","03","S","30","3","0",FALSE,FALSE
"T05",7,"T","05","S","05","0","5",FALSE,FALSE
"T11",7,"T","11","S","11","0","1",FALSE,FALSE
"T1131",7,"T","11","S","31","3","1",FALSE,FALSE
"T1170",7,"T","11","S","70","7","0",FALSE,FALSE
"T12",7,"T","12","S","12","0","2",FALSE,FALSE
"T19",7,"T","19","S","19","0","9",FALSE,FALSE
"T20",7,"T","20","R","20","2","0",FALSE,FALSE
"T21",7,"T","21","R","21","2","1",FALSE,FALSE
"T22",7,"T","22","R","22","2","2",FALSE,FALSE
"T23",7,"T","23","R","23","2","3",FALSE,FALSE
"T30",7,"T","30","R","30","3","0",FALSE,FALSE
"T31",7,"T","31","R","31","3","1",FALSE,FALSE
"T40",7,"T","40","R","40","4","0",FALSE,FALSE
"T50",7,"T","50","R","50","5","0",FALSE,FALSE
"T70",7,"T","70","R","70","7","0",FALSE,FALSE
"T90",7,"T","90","R","90","9","0",FALSE,FALSE
"T99",7,"T","99","R","99","9","9",FALSE,FALSE
"U01",7,"U","01","S","01","0","1",FALSE,FALSE
"U02",7,"U","02","S","02","0","2",FALSE,FALSE
"U0240",7,"U","02","S","40","4","0",FALSE,FALSE
"U03",7,"U","03","S","03","0","3",FALSE,FALSE
"U0320",7,"U","03","S","20","2","0",FALSE,FALSE
"U0330",7,"U","03","S","30","3","0",FALSE,FALSE
"U0333",7,"U","03","S","33","3","3",FALSE,FALSE
"U0340",7,"U","03","S","40","4","0",FALSE,FALSE
"U0342",7,"U","03","S","42","4","2",FALSE,FALSE
"U0350",7,"U","03","S","50","5","0",FALSE,FALSE
"U05",7,"U","05","S","05","0","5",FALSE,FALSE
"U0540",7,"U","05","S","40","4","0",FALSE,FALSE
"U0550",7,"U","05","S","50","5","0",FALSE,FALSE
"U11",7,"U","11","S","11","0","1",FALSE,FALSE
"U12",7,"U","12","S","12","0","2",FALSE,FALSE
"U19",7,"U","19","S","19","0","9",FALSE,FALSE
"U1921",7,"U","19","S","21","2","1",FALSE,FALSE
"U20",7,"U","20","R","20","2","0",FALSE,FALSE
"U21",7,"U","21","R","21","2","1",FALSE,FALSE
"U30",7,"U","30","R","30","3","0",FALSE,FALSE
"U31",7,"U","31","R","31","3","1",FALSE,FALSE
"U33",7,"U","33","R","33","3","3",FALSE,FALSE
"U34",7,"U","34","R","34","3","4",FALSE,FALSE
"U36",7,"U","36","R","36","3","6",FALSE,FALSE
"U40",7,"U","40","R","40","4","0",FALSE,FALSE
"U41",7,"U","41","R","41","4","1",FALSE,FALSE
"U42",7,"U","42","R","42","4","2",FALSE,FALSE
"U50",7,"U","50","R","50","5","0",FALSE,FALSE
"U99",7,"U","99","R","99","9","9",FALSE,FALSE
"V01",7,"V","01","S","01","0","1",FALSE,FALSE
"V0130",7,"V","01","S","30","3","0",FALSE,FALSE
"V02",7,"V","02","S","02","0","2",FALSE,FALSE
"V03",7,"V","03","S","03","0","3",FALSE,FALSE
"V0325",7,"V","03","S","25","2","5",FALSE,FALSE
"V05",7,"V","05","S","05","0","5",FALSE,FALSE
"V11",7,"V","11","S","11","0","1",FALSE,FALSE
"V1120",7,"V","11","S","20","2","0",FALSE,FALSE
"V12",7,"V","12","S","12","0","2",FALSE,FALSE
"V19",7,"V","19","S","19","0","9",FALSE,FALSE
"V20",7,"V","20","R","20","2","0",FALSE,FALSE
"V21",7,"V","21","R","21","2","1",FALSE,FALSE
"V22",7,"V","22","R","22","2","2",FALSE,FALSE
"V23",7,"V","23","R","23","2","3",FALSE,FALSE
"V24",7,"V","24","R","24","2","4",FALSE,FALSE
"V25",7,"V","25","R","25","2","5",FALSE,FALSE
"V26",7,"V","26","R","26","2","6",FALSE,FALSE
"V30",7,"V","30","R","30","3","0",FALSE,FALSE
"V31",7,"V","31","R","31","3","1",FALSE,FALSE
"V32",7,"V","32","R","32","3","2",FALSE,FALSE
"V33",7,"V","33","R","33","3","3",FALSE,FALSE
"V34",7,"V","34","R","34","3","4",FALSE,FALSE
"V35",7,"V","35","R","35","3","5",FALSE,FALSE
"V36",7,"V","36","R","36","3","6",FALSE,FALSE
"V37",7,"V","37","R","37","3","7",FALSE,FALSE
"V99",7,"V","99","R","99","9","9",FALSE,FALSE
"W01",7,"W","01","S","01","0","1",FALSE,FALSE
"W0120",7,"W","01","S","20","2","0",FALSE,FALSE
"W0161",7,"W","01","S","61","6","1",FALSE,FALSE
"W02",7,"W","02","S","02","0","2",FALSE,FALSE
"W0220",7,"W","02","S","20","2","0",FALSE,FALSE
"W03",7,"W","03","S","03","0","3",FALSE,FALSE
"W0320",7,"W","03","S","20","2","0",FALSE,FALSE
"W0340",7,"W","03","S","40","4","0",FALSE,FALSE
"W0380",7,"W","03","S","80","8","0",FALSE,FALSE
"W0390",7,"W","03","S","90","9","0",FALSE,FALSE
"W05",7,"W","05","S","05","0","5",FALSE,FALSE
"W0520",7,"W","05","S","20","2","0",FALSE,FALSE
"W11",7,"W","11","S","11","0","1",FALSE,FALSE
"W1130",7,"W","11","S","30","3","0",FALSE,FALSE
"W1170",7,"W","11","S","70","7","0",FALSE,FALSE
"W12",7,"W","12","S","12","0","2",FALSE,FALSE
"W1220",7,"W","12","S","20","2","0",FALSE,FALSE
"W1230",7,"W","12","S","30","3","0",FALSE,FALSE
"W1280",7,"W","12","S","80","8","0",FALSE,FALSE
"W19",7,"W","19","S","19","0","9",FALSE,FALSE
"W1920",7,"W","19","S","20","2","0",FALSE,FALSE
"W1922",7,"W","19","S","22","2","2",FALSE,FALSE
"W1930",7,"W","19","S","30","3","0",FALSE,FALSE
"W1960",7,"W","19","S","60","6","0",FALSE,FALSE
"W20",7,"W","20","R","20","2","0",FALSE,FALSE
"W22",7,"W","22","R","22","2","2",FALSE,FALSE
"W24",7,"W","24","R","24","2","4",FALSE,FALSE
"W30",7,"W","30","R","30","3","0",FALSE,FALSE
"W40",7,"W","40","R","40","4","0",FALSE,FALSE
"W50",7,"W","50","R","50","5","0",FALSE,FALSE
"W60",7,"W","60","R","60","6","0",FALSE,FALSE
"W61",7,"W","61","R","61","6","1",FALSE,FALSE
"W70",7,"W","70","R","70","7","0",FALSE,FALSE
"W80",7,"W","80","R","80","8","0",FALSE,FALSE
"W90",7,"W","90","R","90","9","0",FALSE,FALSE
"W99",7,"W","99","R","99","9","9",FALSE,FALSE
"X01",8,"X","01","S","01","0","1",FALSE,FALSE
"X0120",8,"X","01","S","20","2","0",FALSE,FALSE
"X02",8,"X","02","S","02","0","2",FALSE,FALSE
"X0220",8,"X","02","S","20","2","0",FALSE,FALSE
"X03",8,"X","03","S","03","0","3",FALSE,FALSE
"X0320",8,"X","03","S","20","2","0",FALSE,FALSE
"X05",8,"X","05","S","05","0","5",FALSE,FALSE
"X0520",8,"X","05","S","20","2","0",FALSE,FALSE
"X11",8,"X","11","S","11","0","1",FALSE,FALSE
"X1120",8,"X","11","S","20","2","0",FALSE,FALSE
"X1121",8,"X","11","S","21","2","1",FALSE,FALSE
"X12",8,"X","12","S","12","0","2",FALSE,FALSE
"X1220",8,"X","12","S","20","2","0",FALSE,FALSE
"X19",8,"X","19","S","19","0","9",FALSE,FALSE
"X1920",8,"X","19","S","20","2","0",FALSE,FALSE
"X1921",8,"X","19","S","21","2","1",FALSE,FALSE
"X20",8,"X","20","R","20","2","0",FALSE,FALSE
"X21",8,"X","21","R","21","2","1",FALSE,FALSE
"X22",8,"X","22","R","22","2","2",FALSE,FALSE
"X30",8,"X","30","R","30","3","0",FALSE,FALSE
"X40",8,"X","40","R","40","4","0",FALSE,FALSE
"X50",8,"X","50","R","50","5","0",FALSE,FALSE
"X70",8,"X","70","R","70","7","0",FALSE,FALSE
"X80",8,"X","80","R","80","8","0",FALSE,FALSE
"X81",8,"X","81","R","81","8","1",FALSE,FALSE
"X82",8,"X","82","R","82","8","2",FALSE,FALSE
"X83",8,"X","83","R","83","8","3",FALSE,FALSE
"X84",8,"X","84","R","84","8","4",FALSE,FALSE
"X90",8,"X","90","R","90","9","0",FALSE,FALSE
"X99",8,"X","99","R","99","9","9",FALSE,FALSE
"Y01",9,"Y","01","S","01","0","1",FALSE,FALSE
"Y02",9,"Y","02","S","02","0","2",FALSE,FALSE
"Y03",9,"Y","03","S","03","0","3",FALSE,FALSE
"Y0320",9,"Y","03","S","20","2","0",FALSE,FALSE
"Y0325",9,"Y","03","S","25","2","5",FALSE,FALSE
"Y05",9,"Y","05","S","05","0","5",FALSE,FALSE
"Y0520",9,"Y","05","S","20","2","0",FALSE,FALSE
"Y11",9,"Y","11","S","11","0","1",FALSE,FALSE
"Y1150",9,"Y","11","S","50","5","0",FALSE,FALSE
"Y12",9,"Y","12","S","12","0","2",FALSE,FALSE
"Y19",9,"Y","19","S","19","0","9",FALSE,FALSE
"Y20",9,"Y","20","R","20","2","0",FALSE,FALSE
"Y22",9,"Y","22","R","22","2","2",FALSE,FALSE
"Y23",9,"Y","23","R","23","2","3",FALSE,FALSE
"Y24",9,"Y","24","R","24","2","4",FALSE,FALSE
"Y25",9,"Y","25","R","25","2","5",FALSE,FALSE
"Y30",9,"Y","30","R","30","3","0",FALSE,FALSE
"Y33",9,"Y","33","R","33","3","3",FALSE,FALSE
"Y34",9,"Y","34","R","34","3","4",FALSE,FALSE
"Y35",9,"Y","35","R","35","3","5",FALSE,FALSE
"Y40",9,"Y","40","R","40","4","0",FALSE,FALSE
"Y41",9,"Y","41","R","41","4","1",FALSE,FALSE
"Y42",9,"Y","42","R","42","4","2",FALSE,FALSE
"Y43",9,"Y","43","R","43","4","3",FALSE,FALSE
"Y44",9,"Y","44","R","44","4","4",FALSE,FALSE
"Y50",9,"Y","50","R","50","5","0",FALSE,FALSE
"Y99",9,"Y","99","R","99","9","9",FALSE,FALSE
"Z99",10,"Z","99","R","99","9","9",FALSE,FALSE
